{
	"credit": "Made with Blockbench",
	"textures": {
		"0": "block/white_concrete_powder",
		"1": "block/black_wool",
		"2": "block/light_gray_concrete_powder",
		"3": "block/gray_concrete_powder",
		"particle": "block/white_concrete_powder"
	},
	"elements": [
		{
			"from": [6, 1, 11.85],
			"to": [13, 6, 12],
			"faces": {
				"north": {"uv": [0, 0, 7, 5], "texture": "#2"},
				"east": {"uv": [0, 0, 1, 7], "texture": "#2"},
				"south": {"uv": [0, 0, 7, 5], "texture": "#2"},
				"west": {"uv": [0, 0, 1, 5], "texture": "#2"},
				"up": {"uv": [0, 0, 7, 5], "texture": "#2"},
				"down": {"uv": [0, 0, 7, 5], "texture": "#2"}
			}
		},
		{
			"from": [13.9, 1, 12.725],
			"to": [14.05, 6, 15.425],
			"rotation": {"angle": 0, "axis": "y", "origin": [12.5, 3.5, 11.925]},
			"faces": {
				"north": {"uv": [0, 0, 2.7, 5], "texture": "#1"},
				"east": {"uv": [0, 0, 2.7, 5], "texture": "#1"},
				"south": {"uv": [0, 0, 2.7, 5], "texture": "#1"},
				"west": {"uv": [0, 0, 2.7, 5], "texture": "#1"},
				"up": {"uv": [0, 0, 2.7, 5], "texture": "#1"},
				"down": {"uv": [0, 0, 2.7, 5], "texture": "#1"}
			}
		},
		{
			"from": [13.95, 4.275, 12.675],
			"to": [14.1, 6, 15.475],
			"rotation": {"angle": 0, "axis": "y", "origin": [12.5, 3.5, 11.925]},
			"faces": {
				"north": {"uv": [0, 0, 2.8, 1.725], "texture": "#0"},
				"east": {"uv": [0, 0, 2.8, 1.725], "texture": "#0"},
				"south": {"uv": [0, 0, 2.8, 1.725], "texture": "#0"},
				"west": {"uv": [0, 0, 2.8, 1.725], "texture": "#0"},
				"up": {"uv": [0, 0, 2.8, 1.725], "texture": "#0"},
				"down": {"uv": [0, 0, 2.8, 1.725], "texture": "#0"}
			}
		},
		{
			"from": [14.125, 3, 12.725],
			"to": [14.275, 4, 15.425],
			"rotation": {"angle": 22.5, "axis": "z", "origin": [12.5, 3.5, 11.925]},
			"faces": {
				"north": {"uv": [0, 0, 2.7, 1], "texture": "#2"},
				"east": {"uv": [0, 0, 2.7, 1], "texture": "#2"},
				"south": {"uv": [0, 0, 2.7, 1], "texture": "#2"},
				"west": {"uv": [0, 0, 2.7, 1], "texture": "#2"},
				"up": {"uv": [0, 0, 2.7, 1], "texture": "#2"},
				"down": {"uv": [0, 0, 2.7, 1], "texture": "#2"}
			}
		},
		{
			"from": [13.825, 2.375, 12.725],
			"to": [13.975, 3.375, 15.425],
			"rotation": {"angle": 22.5, "axis": "z", "origin": [12.5, 3.5, 11.925]},
			"faces": {
				"north": {"uv": [0, 0, 2.7, 1], "texture": "#2"},
				"east": {"uv": [0, 0, 2.7, 1], "texture": "#2"},
				"south": {"uv": [0, 0, 2.7, 1], "texture": "#2"},
				"west": {"uv": [0, 0, 2.7, 1], "texture": "#2"},
				"up": {"uv": [0, 0, 2.7, 1], "texture": "#2"},
				"down": {"uv": [0, 0, 2.7, 1], "texture": "#2"}
			}
		},
		{
			"from": [13.55, 1.8, 12.725],
			"to": [13.7, 2.8, 15.425],
			"rotation": {"angle": 22.5, "axis": "z", "origin": [12.5, 3.5, 11.925]},
			"faces": {
				"north": {"uv": [0, 0, 2.7, 1], "texture": "#2"},
				"east": {"uv": [0, 0, 2.7, 1], "texture": "#2"},
				"south": {"uv": [0, 0, 2.7, 1], "texture": "#2"},
				"west": {"uv": [0, 0, 2.7, 1], "texture": "#2"},
				"up": {"uv": [0, 0, 2.7, 1], "texture": "#2"},
				"down": {"uv": [0, 0, 2.7, 1], "texture": "#2"}
			}
		},
		{
			"from": [13.25, 1.15, 12.725],
			"to": [13.4, 2.15, 15.425],
			"rotation": {"angle": 22.5, "axis": "z", "origin": [12.5, 3.5, 11.925]},
			"faces": {
				"north": {"uv": [0, 0, 2.7, 1], "texture": "#2"},
				"east": {"uv": [0, 0, 2.7, 1], "texture": "#2"},
				"south": {"uv": [0, 0, 2.7, 1], "texture": "#2"},
				"west": {"uv": [0, 0, 2.7, 1], "texture": "#2"},
				"up": {"uv": [0, 0, 2.7, 1], "texture": "#2"},
				"down": {"uv": [0, 0, 2.7, 1], "texture": "#2"}
			}
		},
		{
			"from": [12.95, 0.5, 12.725],
			"to": [13.1, 1.5, 15.425],
			"rotation": {"angle": 22.5, "axis": "z", "origin": [12.5, 3.5, 11.925]},
			"faces": {
				"north": {"uv": [0, 0, 2.7, 1], "texture": "#2"},
				"east": {"uv": [0, 0, 2.7, 1], "texture": "#2"},
				"south": {"uv": [0, 0, 2.7, 1], "texture": "#2"},
				"west": {"uv": [0, 0, 2.7, 1], "texture": "#2"},
				"up": {"uv": [0, 0, 2.7, 1], "texture": "#2"},
				"down": {"uv": [0, 0, 2.7, 1], "texture": "#2"}
			}
		},
		{
			"from": [1.6, 2.6, 13.825],
			"to": [2.075, 4.525, 15.175],
			"faces": {
				"north": {"uv": [0, 0, 0, 2], "texture": "#2"},
				"east": {"uv": [0, 0, 1.35, 1.925], "texture": "#2"},
				"south": {"uv": [0, 0, 1.35, 1.925], "texture": "#2"},
				"west": {"uv": [0, 0, 1.35, 1.925], "texture": "#2"},
				"up": {"uv": [0, 0, 1.35, 1.925], "texture": "#2"},
				"down": {"uv": [0, 0, 1.35, 1.925], "texture": "#2"}
			}
		},
		{
			"from": [1.875, 1.1, 14.875],
			"to": [2, 2.65, 15],
			"faces": {
				"north": {"uv": [0, 0, 0.125, 1.55], "texture": "#1"},
				"east": {"uv": [0, 0, 0.125, 1.55], "texture": "#1"},
				"south": {"uv": [0, 0, 0.125, 1.55], "texture": "#1"},
				"west": {"uv": [0, 0, 0.125, 1.55], "texture": "#1"},
				"up": {"uv": [0, 0, 0.125, 1.55], "texture": "#1"},
				"down": {"uv": [0, 0, 0.125, 1.55], "texture": "#1"}
			}
		},
		{
			"from": [1.875, 0.9875, 14.8875],
			"to": [2, 1.1125, 16.4375],
			"rotation": {"angle": 0, "axis": "x", "origin": [0.2375, 1.875, 14.9375]},
			"faces": {
				"north": {"uv": [0, 0, 0.125, 1.55], "rotation": 270, "texture": "#1"},
				"east": {"uv": [0, 0, 0.125, 1.55], "rotation": 270, "texture": "#1"},
				"south": {"uv": [0, 0, 0.125, 1.55], "rotation": 270, "texture": "#1"},
				"west": {"uv": [0, 0, 0.125, 1.55], "rotation": 270, "texture": "#1"},
				"up": {"uv": [0, 0, 0.125, 1.55], "rotation": 270, "texture": "#1"},
				"down": {"uv": [0, 0, 0.125, 1.55], "rotation": 270, "texture": "#1"}
			}
		},
		{
			"from": [2.95, -0.125, 11.4],
			"to": [3.95, 0.05, 15.975],
			"faces": {
				"north": {"uv": [0, 0, 4, 9], "texture": "#3"},
				"east": {"uv": [0, 0, 4, 9], "texture": "#3"},
				"south": {"uv": [0, 0, 4, 9], "texture": "#3"},
				"west": {"uv": [0, 0, 4, 9], "texture": "#3"},
				"up": {"uv": [0, 0, 4, 9], "texture": "#3"},
				"down": {"uv": [0, 0, 4, 9], "texture": "#3"}
			}
		},
		{
			"from": [12.075, -0.125, 11.4],
			"to": [13.075, 0.05, 15.975],
			"faces": {
				"north": {"uv": [0, 0, 4.575, 0.175], "texture": "#3"},
				"east": {"uv": [0, 0, 4.575, 0.175], "texture": "#3"},
				"south": {"uv": [0, 0, 4.575, 0.175], "texture": "#3"},
				"west": {"uv": [0, 0, 4.575, 0.175], "texture": "#3"},
				"up": {"uv": [0, 0, 4.575, 0.175], "texture": "#3"},
				"down": {"uv": [0, 0, 5, 8], "texture": "#3"}
			}
		},
		{
			"from": [12.075, -3.35, 15.8],
			"to": [13.075, 0.25, 15.975],
			"faces": {
				"north": {"uv": [0, 0, 6, 10], "rotation": 180, "texture": "#3"},
				"east": {"uv": [0, 0, 1, 3.6], "rotation": 180, "texture": "#3"},
				"south": {"uv": [0, 0, 1, 3.6], "rotation": 180, "texture": "#3"},
				"west": {"uv": [0, 0, 1, 3.6], "rotation": 180, "texture": "#3"},
				"up": {"uv": [0, 0, 1, 3.6], "rotation": 180, "texture": "#3"},
				"down": {"uv": [0, 0, 1, 3.6], "rotation": 180, "texture": "#3"}
			}
		},
		{
			"from": [2.95, -3.35, 15.8],
			"to": [3.95, 0.25, 15.975],
			"faces": {
				"north": {"uv": [0, 0, 5, 8], "rotation": 180, "texture": "#3"},
				"east": {"uv": [0, 0, 5, 8], "rotation": 180, "texture": "#3"},
				"south": {"uv": [0, 0, 5, 8], "rotation": 180, "texture": "#3"},
				"west": {"uv": [0, 0, 5, 8], "rotation": 180, "texture": "#3"},
				"up": {"uv": [0, 0, 5, 8], "rotation": 180, "texture": "#3"},
				"down": {"uv": [0, 0, 5, 8], "rotation": 180, "texture": "#3"}
			}
		},
		{
			"from": [12.325, -3.8, 15.9],
			"to": [12.85, 0.525, 16.025],
			"rotation": {"angle": -45, "axis": "x", "origin": [12.6375, -3.5, 15.0625]},
			"faces": {
				"north": {"uv": [0, 0, 3, 8], "texture": "#3"},
				"east": {"uv": [0, 0, 0.525, 4.325], "texture": "#3"},
				"south": {"uv": [0, 0, 0.525, 4.325], "texture": "#3"},
				"west": {"uv": [0, 0, 0.525, 4.325], "texture": "#3"},
				"up": {"uv": [0, 0, 0.525, 4.325], "texture": "#3"},
				"down": {"uv": [0, 0, 0.525, 4.325], "texture": "#3"}
			}
		},
		{
			"from": [3.2, -3.8, 15.9],
			"to": [3.725, 0.525, 16.025],
			"rotation": {"angle": -45, "axis": "x", "origin": [12.6375, -3.5, 15.0625]},
			"faces": {
				"north": {"uv": [0, 0, 3, 7], "texture": "#3"},
				"east": {"uv": [0, 0, 0.525, 4.325], "texture": "#3"},
				"south": {"uv": [0, 0, 0.525, 4.325], "texture": "#3"},
				"west": {"uv": [0, 0, 0.525, 4.325], "texture": "#3"},
				"up": {"uv": [0, 0, 0.525, 4.325], "texture": "#3"},
				"down": {"uv": [0, 0, 0.525, 4.325], "texture": "#3"}
			}
		},
		{
			"from": [2, 0, 12],
			"to": [14, 7, 16],
			"faces": {
				"north": {"uv": [0, 0, 12, 7], "texture": "#0"},
				"east": {"uv": [0, 0, 4, 7], "texture": "#0"},
				"south": {"uv": [0, 0, 12, 7], "texture": "#0"},
				"west": {"uv": [0, 0, 4, 7], "texture": "#0"},
				"up": {"uv": [0, 0, 12, 4], "texture": "#0"},
				"down": {"uv": [0, 0, 12, 4], "texture": "#0"}
			}
		}
	],
	"display": {
		"gui": {
			"rotation": [145, -33, 8.75],
			"translation": [8.5, 4.75, 0]
		},
		"fixed": {
			"translation": [0, 10.5, -16.5],
			"scale": [2, 2, 2]
		}
	},
	"groups": [
		{
			"name": "group",
			"origin": [8, 8, 8],
			"color": 0,
			"children": [
				{
					"name": "group",
					"origin": [0, 0, 0],
					"color": 0,
					"children": [0, 1, 2, 3, 4, 5, 6, 7, 8, 9, 10]
				},
				{
					"name": "group",
					"origin": [0, 0, 0],
					"color": 0,
					"children": [11, 12, 13, 14, 15, 16]
				},
				{
					"name": "group",
					"origin": [8, 8, 8],
					"color": 0,
					"children": [17]
				}
			]
		}
	]
}