{
 	"parent": "item/handheld",
 	"textures": {
  		"layer0": "item/cornflower"
 	},

 	"overrides": [
 	 	{ "predicate": {"custom_model_data": 1}, "model": "item/CsgoWindow1"},
 	 	{ "predicate": {"custom_model_data": 2}, "model": "item/CSGOWindow2"},
 	 	{ "predicate": {"custom_model_data": 3}, "model": "item/CsgoWindow 3"},
 	 	{ "predicate": {"custom_model_data": 4}, "model": "item/CsgoWoodenBeam"},
 	 	{ "predicate": {"custom_model_data": 5}, "model": "item/CgsoAC"},
 	 	{ "predicate": {"custom_model_data": 6}, "model": "item/wire1"},
 	 	{ "predicate": {"custom_model_data": 7}, "model": "item/wire2"},
 	 	{ "predicate": {"custom_model_data": 8}, "model": "item/wire3"}
 	]
}