{
	"credit": "Made with Blockbench",
	"textures": {
		"0": "block/acacia_log",
		"particle": "block/acacia_log"
	},
	"elements": [
		{
			"from": [6, 0, 8],
			"to": [12, 9, 14],
			"faces": {
				"north": {"uv": [0, 0, 6, 9], "texture": "#0"},
				"east": {"uv": [0, 0, 6, 9], "texture": "#0"},
				"south": {"uv": [0, 0, 6, 9], "texture": "#0"},
				"west": {"uv": [0, 0, 6, 9], "texture": "#0"},
				"up": {"uv": [0, 0, 6, 6], "texture": "#0"},
				"down": {"uv": [0, 0, 6, 9], "texture": "#0"}
			}
		}
	],
	"display": {
		"gui": {
			"translation": [-1, 3.25, 0]
		},
		"fixed": {
			"rotation": [-90, 0, 0],
			"translation": [-1.5, -4.5, -12],
			"scale": [1.5, 1.5, 1.5]
		}
	}
}