{
	"credit": "Made with Blockbench",
	"textures": {
		"0": "block/acacia_log",
		"1": "block/gray_concrete_powder",
		"2": "block/gray_stained_glass",
		"3": "block/stripped_oak_log",
		"particle": "block/acacia_log"
	},
	"elements": [
		{
			"from": [7, 0, 1],
			"to": [10, 0, 17],
			"faces": {
				"north": {"uv": [0, 0, 3, 16], "texture": "#1"},
				"east": {"uv": [0, 0, 3, 16], "texture": "#1"},
				"south": {"uv": [0, 0, 3, 16], "texture": "#1"},
				"west": {"uv": [0, 0, 3, 16], "texture": "#1"},
				"up": {"uv": [0, 0, 3, 16], "texture": "#1"},
				"down": {"uv": [0, 0, 3, 16], "texture": "#1"}
			}
		},
		{
			"from": [7, 0.075, 1],
			"to": [10, 0.075, 17],
			"faces": {
				"north": {"uv": [6, 1, 9, 15], "texture": "#2"},
				"east": {"uv": [6, 1, 9, 15], "texture": "#2"},
				"south": {"uv": [6, 1, 9, 15], "texture": "#2"},
				"west": {"uv": [6, 1, 9, 15], "texture": "#2"},
				"up": {"uv": [6, 1, 9, 15], "texture": "#2"},
				"down": {"uv": [6, 1, 9, 15], "texture": "#2"}
			}
		},
		{
			"from": [6, 0, 17],
			"to": [11, 0.65, 18],
			"faces": {
				"north": {"uv": [0, 0, 5, 0.65], "texture": "#3"},
				"east": {"uv": [0, 0, 5, 0.65], "texture": "#3"},
				"south": {"uv": [0, 0, 5, 0.65], "texture": "#3"},
				"west": {"uv": [0, 0, 5, 0.65], "texture": "#3"},
				"up": {"uv": [0, 0, 5, 0.65], "texture": "#3"},
				"down": {"uv": [0, 0, 5, 0.65], "texture": "#3"}
			}
		},
		{
			"from": [6, 0, 1],
			"to": [7, 0.65, 17],
			"faces": {
				"north": {"uv": [6, 0, 7, 16], "texture": "#3"},
				"east": {"uv": [6, 0, 7, 16], "texture": "#3"},
				"south": {"uv": [6, 0, 7, 16], "texture": "#3"},
				"west": {"uv": [6, 0, 7, 16], "texture": "#3"},
				"up": {"uv": [6, 0, 7, 16], "texture": "#3"},
				"down": {"uv": [6, 0, 7, 16], "texture": "#3"}
			}
		},
		{
			"from": [6, 0, 0],
			"to": [11, 0.65, 1],
			"faces": {
				"north": {"uv": [6, 6, 11, 6.65], "texture": "#3"},
				"east": {"uv": [6, 6, 11, 6.65], "texture": "#3"},
				"south": {"uv": [6, 6, 11, 6.65], "texture": "#3"},
				"west": {"uv": [6, 6, 11, 6.65], "texture": "#3"},
				"up": {"uv": [6, 6, 11, 6.65], "texture": "#3"},
				"down": {"uv": [6, 6, 11, 6.65], "texture": "#3"}
			}
		},
		{
			"from": [10, 0, 1],
			"to": [11, 0.65, 17],
			"faces": {
				"north": {"uv": [6, 0, 7, 16], "texture": "#3"},
				"east": {"uv": [6, 0, 7, 16], "texture": "#3"},
				"south": {"uv": [6, 0, 7, 16], "texture": "#3"},
				"west": {"uv": [6, 0, 7, 16], "texture": "#3"},
				"up": {"uv": [6, 0, 7, 16], "texture": "#3"},
				"down": {"uv": [6, 0, 7, 16], "texture": "#3"}
			}
		},
		{
			"from": [7, 0, 1],
			"to": [10, 0.4, 2],
			"faces": {
				"north": {"uv": [2, 0, 5, 1], "texture": "#0"},
				"east": {"uv": [2, 0, 5, 1], "texture": "#0"},
				"south": {"uv": [2, 0, 5, 1], "texture": "#0"},
				"west": {"uv": [2, 0, 5, 1], "texture": "#0"},
				"up": {"uv": [2, 0, 5, 1], "texture": "#0"},
				"down": {"uv": [2, 0, 5, 1], "texture": "#0"}
			}
		},
		{
			"from": [7, 0, 16],
			"to": [10, 0.375, 17],
			"faces": {
				"north": {"uv": [2, 0, 5, 1], "texture": "#0"},
				"east": {"uv": [2, 0, 5, 1], "texture": "#0"},
				"south": {"uv": [2, 0, 5, 1], "texture": "#0"},
				"west": {"uv": [2, 0, 5, 1], "texture": "#0"},
				"up": {"uv": [2, 0, 5, 1], "texture": "#0"},
				"down": {"uv": [2, 0, 5, 1], "texture": "#0"}
			}
		}
	],
	"display": {
		"fixed": {
			"rotation": [-90, 0, 0],
			"translation": [-0.75, 0, -20.25],
			"scale": [2.5, 2.5, 2.5]
		}
	},
	"groups": [
		{
			"name": "group",
			"origin": [8, 8, 8],
			"color": 0,
			"children": [
				{
					"name": "group",
					"origin": [8, 8, 8],
					"color": 0,
					"children": [0, 1]
				},
				{
					"name": "group",
					"origin": [8, 8, 8],
					"color": 0,
					"children": [2, 3, 4, 5, 6, 7]
				}
			]
		}
	]
}