{
	"credit": "Made with Blockbench",
	"textures": {
		"0": "block/gray_concrete_powder",
		"1": "block/iron_block",
		"2": "block/gray_stained_glass",
		"particle": "block/gray_concrete_powder"
	},
	"elements": [
		{
			"from": [2.9, 1.05, 0.85],
			"to": [10.05, 1.05, 13.075],
			"faces": {
				"north": {"uv": [0, 0, 7.15, 12.225], "texture": "#0"},
				"east": {"uv": [0, 0, 7.15, 12.225], "texture": "#0"},
				"south": {"uv": [0, 0, 7.15, 12.225], "texture": "#0"},
				"west": {"uv": [0, 0, 7.15, 12.225], "texture": "#0"},
				"up": {"uv": [0, 0, 7.15, 12.225], "texture": "#0"},
				"down": {"uv": [0, 0, 7.15, 12.225], "texture": "#0"}
			}
		},
		{
			"from": [2.9, 1.3, 0.85],
			"to": [10.05, 1.3, 13.075],
			"faces": {
				"north": {"uv": [0, 0, 7.15, 12.225], "texture": "#2"},
				"east": {"uv": [0, 0, 7.15, 12.225], "texture": "#2"},
				"south": {"uv": [0, 0, 7.15, 12.225], "texture": "#2"},
				"west": {"uv": [0, 0, 7.15, 12.225], "texture": "#2"},
				"up": {"uv": [0, 0, 7.15, 12.225], "texture": "#2"},
				"down": {"uv": [0, 0, 7.15, 12.225], "texture": "#2"}
			}
		},
		{
			"from": [2.125, 1, 0],
			"to": [10.875, 2, 1],
			"faces": {
				"north": {"uv": [0, 0, 8.75, 1], "texture": "#1"},
				"east": {"uv": [8, 1, 9, 2], "texture": "#1"},
				"south": {"uv": [0, 0, 8.75, 1], "texture": "#1"},
				"west": {"uv": [8, 1, 9, 2], "texture": "#1"},
				"up": {"uv": [0, 0, 8.75, 1], "texture": "#1"},
				"down": {"uv": [0, 0, 8.75, 1], "texture": "#1"}
			}
		},
		{
			"from": [2.125, 1, 13],
			"to": [10.85, 2, 14],
			"faces": {
				"north": {"uv": [0, 0, 8.725, 1], "texture": "#1"},
				"east": {"uv": [8, 1, 9, 2], "texture": "#1"},
				"south": {"uv": [0, 0, 8.725, 1], "texture": "#1"},
				"west": {"uv": [8, 1, 9, 2], "texture": "#1"},
				"up": {"uv": [0, 0, 8.725, 1], "texture": "#1"},
				"down": {"uv": [0, 0, 8.725, 1], "texture": "#1"}
			}
		},
		{
			"from": [10, 1, 1],
			"to": [11, 1.75, 13],
			"faces": {
				"north": {"uv": [6, 11, 7, 12], "texture": "#1"},
				"east": {"uv": [1, 7, 13, 8], "texture": "#1"},
				"south": {"uv": [5, 8, 6, 9], "texture": "#1"},
				"west": {"uv": [2, 1, 14, 2], "texture": "#1"},
				"up": {"uv": [0, 0, 1, 12], "texture": "#1"},
				"down": {"uv": [0, 0, 1, 12], "texture": "#1"}
			}
		},
		{
			"from": [2, 1, 1],
			"to": [3, 1.75, 13],
			"faces": {
				"north": {"uv": [0, 0, 1, 1], "texture": "#1"},
				"east": {"uv": [2, 1, 14, 2], "texture": "#1"},
				"south": {"uv": [6, 11, 7, 12], "texture": "#1"},
				"west": {"uv": [0, 0, 15, 1], "texture": "#1"},
				"up": {"uv": [0, 0, 0, 15], "texture": "#1"},
				"down": {"uv": [0, 0, 1, 12], "texture": "#1"}
			}
		}
	],
	"display": {
		"fixed": {
			"rotation": [-90, 0, 0],
			"translation": [3.5, 2.25, -17.75],
			"scale": [2.5, 2.5, 2.5]
		}
	},
	"groups": [
		{
			"name": "group",
			"origin": [8, 8, 8],
			"color": 0,
			"children": [
				{
					"name": "background",
					"origin": [0, 0, 0],
					"color": 0,
					"children": [0, 1]
				},
				{
					"name": "frame",
					"origin": [8, 8, 8],
					"color": 0,
					"children": [2, 3, 4, 5]
				}
			]
		}
	]
}