{
	"credit": "Made with Blockbench",
	"textures": {
		"0": "block/stripped_oak_log",
		"1": "block/acacia_log",
		"2": "block/gray_concrete_powder",
		"3": "block/gray_stained_glass",
		"particle": "block/stripped_oak_log"
	},
	"elements": [
		{
			"from": [1, 0, 13],
			"to": [12, 1, 14],
			"faces": {
				"north": {"uv": [0, 0, 11, 1], "texture": "#0"},
				"east": {"uv": [10, 6, 11, 7], "texture": "#0"},
				"south": {"uv": [0, 0, 11, 1], "texture": "#0"},
				"west": {"uv": [5, 5, 6, 6], "texture": "#0"},
				"up": {"uv": [0, 0, 11, 1], "texture": "#0"},
				"down": {"uv": [0, 0, 11, 1], "texture": "#0"}
			}
		},
		{
			"from": [11, 0, 4],
			"to": [12, 1, 13],
			"faces": {
				"north": {"uv": [0, 0, 1, 9], "texture": "#0"},
				"east": {"uv": [3, 2, 12, 3], "texture": "#0"},
				"south": {"uv": [0, 0, 1, 9], "texture": "#0"},
				"west": {"uv": [7, 9, 15, 10], "texture": "#0"},
				"up": {"uv": [0, 0, 1, 9], "texture": "#0"},
				"down": {"uv": [0, 0, 1, 9], "texture": "#0"}
			}
		},
		{
			"from": [1, 0, 3],
			"to": [12, 1, 4],
			"faces": {
				"north": {"uv": [0, 0, 11, 1], "texture": "#0"},
				"east": {"uv": [5, 5, 6, 6], "texture": "#0"},
				"south": {"uv": [0, 0, 1, 1], "texture": "#0"},
				"west": {"uv": [3, 0, 4, 1], "texture": "#0"},
				"up": {"uv": [0, 0, 11, 1], "texture": "#0"},
				"down": {"uv": [0, 0, 11, 1], "texture": "#0"}
			}
		},
		{
			"from": [1, 0, 4],
			"to": [2, 1, 13],
			"faces": {
				"north": {"uv": [0, 0, 1, 9], "texture": "#0"},
				"east": {"uv": [0, 8, 9, 9], "texture": "#0"},
				"south": {"uv": [0, 0, 1, 9], "texture": "#0"},
				"west": {"uv": [0, 8, 9, 9], "texture": "#0"},
				"up": {"uv": [0, 0, 1, 9], "texture": "#0"},
				"down": {"uv": [0, 0, 1, 9], "texture": "#0"}
			}
		},
		{
			"from": [2, 0, 4],
			"to": [3, 0.425, 13],
			"faces": {
				"north": {"uv": [0, 0, 1, 9], "texture": "#1"},
				"east": {"uv": [0, 0, 1, 9], "texture": "#1"},
				"south": {"uv": [0, 0, 1, 9], "texture": "#1"},
				"west": {"uv": [0, 0, 1, 9], "texture": "#1"},
				"up": {"uv": [0, 0, 1, 9], "texture": "#1"},
				"down": {"uv": [0, 0, 1, 9], "texture": "#1"}
			}
		},
		{
			"from": [3, 0, 12],
			"to": [10, 0.425, 13],
			"faces": {
				"north": {"uv": [0, 0, 7, 1], "texture": "#1"},
				"east": {"uv": [0, 0, 7, 1], "texture": "#1"},
				"south": {"uv": [0, 0, 7, 1], "texture": "#1"},
				"west": {"uv": [0, 0, 7, 1], "texture": "#1"},
				"up": {"uv": [0, 0, 7, 1], "texture": "#1"},
				"down": {"uv": [0, 0, 7, 1], "texture": "#1"}
			}
		},
		{
			"from": [3, 0, 4],
			"to": [10, 0.425, 5],
			"faces": {
				"north": {"uv": [0, 0, 7, 1], "texture": "#1"},
				"east": {"uv": [0, 0, 7, 1], "texture": "#1"},
				"south": {"uv": [0, 0, 7, 1], "texture": "#1"},
				"west": {"uv": [0, 0, 7, 1], "texture": "#1"},
				"up": {"uv": [0, 0, 7, 1], "texture": "#1"},
				"down": {"uv": [0, 0, 7, 1], "texture": "#1"}
			}
		},
		{
			"from": [10, 0, 4],
			"to": [11, 0.425, 13],
			"faces": {
				"north": {"uv": [0, 0, 1, 9], "texture": "#1"},
				"east": {"uv": [0, 0, 1, 9], "texture": "#1"},
				"south": {"uv": [0, 0, 1, 9], "texture": "#1"},
				"west": {"uv": [0, 0, 1, 9], "texture": "#1"},
				"up": {"uv": [0, 0, 1, 9], "texture": "#1"},
				"down": {"uv": [0, 0, 1, 9], "texture": "#1"}
			}
		},
		{
			"from": [2, 0, 4],
			"to": [11, 0, 13],
			"faces": {
				"north": {"uv": [0, 0, 9, 9], "texture": "#2"},
				"east": {"uv": [0, 0, 9, 9], "texture": "#2"},
				"south": {"uv": [0, 0, 9, 9], "texture": "#2"},
				"west": {"uv": [0, 0, 9, 9], "texture": "#2"},
				"up": {"uv": [0, 0, 9, 9], "texture": "#2"},
				"down": {"uv": [0, 0, 9, 9], "texture": "#2"}
			}
		},
		{
			"from": [2, 0.1, 4],
			"to": [11, 0.1, 13],
			"faces": {
				"north": {"uv": [0, 0, 9, 9], "texture": "#3"},
				"east": {"uv": [0, 0, 9, 9], "texture": "#3"},
				"south": {"uv": [0, 0, 9, 9], "texture": "#3"},
				"west": {"uv": [0, 0, 9, 9], "texture": "#3"},
				"up": {"uv": [0, 0, 9, 9], "texture": "#3"},
				"down": {"uv": [0, 0, 9, 9], "texture": "#3"}
			}
		},
		{
			"from": [6, 0, 5],
			"to": [7, 0.175, 12],
			"faces": {
				"north": {"uv": [0, 0, 1, 7], "texture": "#1"},
				"east": {"uv": [0, 0, 1, 7], "texture": "#1"},
				"south": {"uv": [0, 0, 1, 7], "texture": "#1"},
				"west": {"uv": [0, 0, 1, 7], "texture": "#1"},
				"up": {"uv": [0, 0, 1, 7], "texture": "#1"},
				"down": {"uv": [0, 0, 1, 7], "texture": "#1"}
			}
		},
		{
			"from": [3, 0, 8],
			"to": [10, 0.2, 9],
			"rotation": {"angle": 0, "axis": "y", "origin": [7.5, 0.0875, 8.5]},
			"faces": {
				"north": {"uv": [0, 0, 1, 7], "rotation": 90, "texture": "#1"},
				"east": {"uv": [0, 0, 1, 7], "rotation": 90, "texture": "#1"},
				"south": {"uv": [0, 0, 1, 7], "rotation": 90, "texture": "#1"},
				"west": {"uv": [0, 0, 1, 7], "rotation": 90, "texture": "#1"},
				"up": {"uv": [0, 0, 1, 7], "rotation": 90, "texture": "#1"},
				"down": {"uv": [0, 0, 1, 7], "rotation": 90, "texture": "#1"}
			}
		}
	],
	"display": {
		"gui": {
			"rotation": [91, 0, 0],
			"translation": [1.75, 0.25, 0]
		},
		"fixed": {
			"rotation": [-90, 0, 0],
			"translation": [2.25, -0.75, -12],
			"scale": [1.5, 1.5, 1.5]
		}
	},
	"groups": [
		{
			"name": "group",
			"origin": [8, 8, 8],
			"color": 0,
			"children": [
				{
					"name": "group",
					"origin": [8, 8, 8],
					"color": 0,
					"children": [0, 1, 2, 3]
				},
				{
					"name": "group",
					"origin": [0, 0, 0],
					"color": 0,
					"children": [4, 5, 6, 7]
				},
				{
					"name": "group",
					"origin": [8, 8, 8],
					"color": 0,
					"children": [8, 9,
						{
							"name": "group",
							"origin": [0, 0, 0],
							"color": 0,
							"children": [10, 11]
						}
					]
				}
			]
		}
	]
}