{
	"credit": "Made with Blockbench",
	"textures": {
		"0": "block/anvil",
		"particle": "block/anvil"
	},
	"elements": [
		{
			"from": [7, 0, 0],
			"to": [8, 1, 16],
			"faces": {
				"north": {"uv": [0, 0, 1, 1], "texture": "#0"},
				"east": {"uv": [0, 0, 1, 1], "texture": "#0"},
				"south": {"uv": [0, 0, 1, 1], "texture": "#0"},
				"west": {"uv": [0, 0, 1, 1], "texture": "#0"},
				"up": {"uv": [0, 0, 1, 1], "texture": "#0"},
				"down": {"uv": [0, 0, 1, 1], "texture": "#0"}
			}
		}
	],
	"display": {
		"gui": {
			"rotation": [64.75, 54, 35],
			"translation": [-2.5, 0, 0]
		},
		"fixed": {
			"rotation": [-90, -90, 0],
			"translation": [0, 0.5, -8.5],
			"scale": [1.5, 1, 2.02]
		}
	}
}